[
  {
    "name": "user",
    "fields": [
      {
        "name": "username",
        "type": "text",
        "description": "User's display name",
        "options": null
      },
      {
        "name": "email",
        "type": "text",
        "description": "User's email address",
        "options": null
      },
      {
        "name": "password",
        "type": "text",
        "description": "Hashed password",
        "options": null
      },
      {
        "name": "isPremium",
        "type": "bool",
        "description": "Whether the user has premium status",
        "options": null
      },
      {
        "name": "joinDate",
        "type": "datetime",
        "description": "Date when user registered",
        "options": null
      },
      {
        "name": "bio",
        "type": "text",
        "description": "User biography",
        "options": null
      },
      {
        "name": "avatarUrl",
        "type": "text",
        "description": "URL to user profile picture",
        "options": null
      },
      {
        "name": "role",
        "type": "text",
        "description": "User role (user/admin)",
        "options": [
          "user",
          "admin"
        ]
      }
    ]
  },
  {
    "name": "post",
    "fields": [
      {
        "name": "userId",
        "type": "text",
        "description": "ID of the user who posted",
        "options": null
      },
      {
        "name": "username",
        "type": "text",
        "description": "Username of the poster for quick display",
        "options": null
      },
      {
        "name": "title",
        "type": "text",
        "description": "Title of the advice post",
        "options": null
      },
      {
        "name": "content",
        "type": "text",
        "description": "Content of the advice post",
        "options": null
      },
      {
        "name": "likedBy",
        "type": "array",
        "description": "Array of user IDs who liked the post",
        "options": null
      },
      {
        "name": "createdAt",
        "type": "datetime",
        "description": "Date when post was created",
        "options": null
      }
    ]
  },
  {
    "name": "comment",
    "fields": [
      {
        "name": "postId",
        "type": "text",
        "description": "ID of the post this comment belongs to",
        "options": null
      },
      {
        "name": "userId",
        "type": "text",
        "description": "ID of the user who commented",
        "options": null
      },
      {
        "name": "username",
        "type": "text",
        "description": "Username of the commenter",
        "options": null
      },
      {
        "name": "text",
        "type": "text",
        "description": "Content of the comment",
        "options": null
      },
      {
        "name": "createdAt",
        "type": "datetime",
        "description": "Date when comment was created",
        "options": null
      }
    ]
  },
  {
    "name": "redeem_code",
    "fields": [
      {
        "name": "code",
        "type": "text",
        "description": "The unique redeem code string",
        "options": null
      },
      {
        "name": "isUsed",
        "type": "bool",
        "description": "Whether the code has been used",
        "options": null
      },
      {
        "name": "createdAt",
        "type": "datetime",
        "description": "Date when code was generated",
        "options": null
      }
    ]
  }
]